{
  "version": 1,
  "author": "Anonymous maker",
  "editor": "wokwi",
  "parts": [
    { "type": "wokwi-pi-pico", "id": "pico", "top": 144.97, "left": 258.97, "attrs": {} },
    { "type": "wokwi-rgb-led", "id": "rgb1", "top": -269.71, "left": -415.43, "attrs": {} },
    {
      "type": "wokwi-resistor",
      "id": "r1",
      "top": 138.12,
      "left": 6.66,
      "attrs": { "value": "1000" }
    },
    {
      "type": "wokwi-resistor",
      "id": "r2",
      "top": 181.19,
      "left": 4.27,
      "attrs": { "value": "1000" }
    },
    {
      "type": "wokwi-resistor",
      "id": "r3",
      "top": 222.35,
      "left": 6.26,
      "attrs": { "value": "1000" }
    },
    {
      "type": "wokwi-led",
      "id": "led1",
      "top": 9.78,
      "left": -70.67,
      "attrs": { "color": "red" }
    },
    {
      "type": "wokwi-led",
      "id": "led2",
      "top": 10.05,
      "left": -107.66,
      "attrs": { "color": "green" }
    },
    {
      "type": "wokwi-led",
      "id": "led3",
      "top": 8.89,
      "left": -148.29,
      "attrs": { "color": "blue" }
    }
  ],
  "connections": [
    [ "pico:GP0", "$serialMonitor:RX", "", [] ],
    [ "pico:GP1", "$serialMonitor:TX", "", [] ],
    [ "pico:GP10", "r1:2", "green", [ "h0" ] ],
    [ "pico:GP11", "r2:2", "green", [ "h0" ] ],
    [ "pico:GP14", "r3:2", "green", [ "h0" ] ],
    [ "r1:1", "led1:A", "green", [ "v0" ] ],
    [ "led1:C", "pico:GND.4", "green", [ "v0" ] ],
    [ "led2:C", "pico:GND.4", "green", [ "v0" ] ],
    [ "led3:C", "pico:GND.4", "green", [ "v0" ] ],
    [ "r2:1", "led2:A", "green", [ "v0" ] ],
    [ "r3:1", "led3:A", "green", [ "v0" ] ]
  ],
  "dependencies": {}
}