{
  "version": 1,
  "author": "Anonymous maker",
  "editor": "wokwi",
  "parts": [
    {
      "type": "wokwi-pi-pico",
      "id": "pico",
      "top": 0,
      "left": 0,
      "attrs": { "env": "micropython-20220618-v1.19.1" }
    },
    { "type": "wokwi-hc-sr04", "id": "ultrasonic1", "top": 51.53, "left": 90.47, "attrs": {} }
  ],
  "connections": [
    [ "pico:GND.5", "ultrasonic1:GND", "black", [ "h0" ] ],
    [ "pico:3V3", "ultrasonic1:VCC", "green", [ "h0" ] ],
    [ "pico:GP2", "ultrasonic1:ECHO", "green", [ "h0" ] ],
    [ "pico:GP3", "ultrasonic1:TRIG", "green", [ "h0" ] ]
  ],
  "dependencies": {}
}