{
  "version": 1,
  "author": "Anonymous maker",
  "editor": "wokwi",
  "parts": [
    {
      "type": "wokwi-pi-pico",
      "id": "pico",
      "top": 0,
      "left": 0,
      "attrs": { "env": "micropython-20220618-v1.19.1" }
    },
    {
      "type": "wokwi-led",
      "id": "led1",
      "top": -111.35,
      "left": -90.45,
      "attrs": { "color": "red" }
    },
    {
      "type": "wokwi-resistor",
      "id": "r1",
      "top": 190.21,
      "left": -65.48,
      "attrs": { "value": "1000" }
    },
    { "type": "wokwi-potentiometer", "id": "pot1", "top": -117.01, "left": 86.26, "attrs": {} },
    {
      "type": "wokwi-led",
      "id": "led2",
      "top": -111.54,
      "left": -129.29,
      "attrs": { "color": "limegreen" }
    },
    {
      "type": "wokwi-led",
      "id": "led3",
      "top": -110.78,
      "left": -171.84,
      "attrs": { "color": "blue" }
    },
    {
      "type": "wokwi-resistor",
      "id": "r2",
      "top": 130.91,
      "left": -105.12,
      "attrs": { "value": "1000" }
    },
    {
      "type": "wokwi-resistor",
      "id": "r3",
      "top": 149.14,
      "left": -145.37,
      "attrs": { "value": "1000" }
    },
    {
      "type": "wokwi-led",
      "id": "led4",
      "top": -25.83,
      "left": -276.79,
      "attrs": { "color": "white" }
    },
    {
      "type": "wokwi-resistor",
      "id": "r4",
      "top": 160.44,
      "left": -252.17,
      "attrs": { "value": "1000" }
    }
  ],
  "connections": [
    [ "r1:1", "led1:A", "green", [ "v0" ] ],
    [ "pico:GP15", "r1:2", "green", [ "h0" ] ],
    [ "pico:GND.4", "led1:C", "black", [ "h0" ] ],
    [ "pico:3V3", "pot1:VCC", "green", [ "h0" ] ],
    [ "pot1:SIG", "pico:GP26", "green", [ "v0" ] ],
    [ "pot1:GND", "pico:GND.8", "black", [ "v0" ] ],
    [ "pico:GP10", "r2:2", "green", [ "h0" ] ],
    [ "r2:1", "led2:A", "green", [ "v0" ] ],
    [ "pico:GND.4", "led2:C", "black", [ "h0" ] ],
    [ "pico:GP12", "r3:2", "green", [ "h0" ] ],
    [ "r3:1", "led3:A", "green", [ "v0" ] ],
    [ "pico:GND.4", "led3:C", "black", [ "h0" ] ],
    [ "pico:GP13", "r4:2", "green", [ "h0" ] ],
    [ "r4:1", "led4:A", "green", [ "v0" ] ],
    [ "pico:GND.4", "led4:C", "black", [ "h0" ] ]
  ],
  "dependencies": {}
}